said,21.037530811737554
case,12.865137530695028
time,10.095929899088123
executions,10.077820107213585
mr,9.902615493435691
capital punishment,9.775320590656285
just,7.911555309169307
like,7.875731745235997
government,7.743277278129479
judge,7.546269919810048
texas,7.305590258000421
supreme court,7.065976598922405
world,6.894251730217051
iran,6.559040316917582
countries,6.475847560571225
legal,6.365781829674917
told,6.139941095893215
country,6.0770840939884465
think,5.921561031397044
number,5.853450480286662
jury,5.789884462964175
says,5.774172687517347
including,5.7633320493369995
report,5.71332012594152
used,5.661405157364435
way,5.646571594690817
article,5.5441894312993725
killing,5.467741147389535
make,5.405934403613007
day,5.394017484833936
sentenced death,5.354700885655385
president,5.348742790986308
say,5.338846213104101
according,5.327020726451046
federal,5.279791367745005
death sentence,5.260773155454801
men,5.248037817088595
sentencing,5.223111041128783
does,5.215494044286459
women,5.165167636362655
victim,5.101424040792399
amnesty international,5.07166512553193
killed,5.002822306016551
society,4.974774127707856
process,4.9554261534312
defendants,4.897739626123457
american,4.89193746713526
united states,4.853117253939576
work,4.841675494966364
decision,4.81607454140897
innocence,4.784574199959218
national,4.772464700764195
courts,4.762554679416642
prosecutors,4.69885486005059
california,4.652410889621123
accused,4.65032493210531
given,4.646431597050677
didn,4.625644139036469
study,4.624649123476933
torture,4.597890464296531
long,4.553526145348335
based,4.541065330441104
office,4.520215933511884
lawyer,4.479875113347223
end,4.47552910836551
defense,4.405079058090045
released,4.387642442748023
guilty,4.371679851898635
want,4.294885601451892
research,4.221191559831914
believe,4.196414460909681
god,4.172457861352056
defendant,4.1497560470362
children,4.114368290068896
shall,4.109601760556463
fact,4.0894886406925846
death sentences,4.075661771929752
violence,4.074182455313491
age,4.063869940529353
going,4.05044018812568
black,4.048333589257977
child,4.042458402518131
question,4.040312252497155
percent,4.033324214253323
florida,4.0184185765493705
china,4.003464116778377
committee,3.9843707085866136
criminals,3.9769701497428755
university,3.9584400815199827
exonerated,3.941608143062713
judges,3.9401377761928837
called,3.9229635700055576
white,3.905927823533284
laws,3.8852747693176046
lawyers,3.8798337754978904
issue,3.8779338178024747
kill,3.8694549171615695
likely,3.861868620143762
year old,3.854297472649489
today,3.783758976251768
home,3.769014196663215
group,3.767470132532076
america,3.7637554164755693
officials,3.7393770925634633
rate,3.72906249664658
really,3.6867793022282975
free,3.680319811523777
need,3.6798348265497918
house,3.676395648551253
trump,3.659657615876751
second,3.616335872068636
away,3.560048978916767
days,3.5542732525784344
good,3.5417537637675056
social,3.530632386807683
security,3.52478491211608
wrong,3.5113889530321227
judicial,3.471650121253801
data,3.470878588757925
held,3.466923879563643
read,3.465340685809809
ve,3.430642941961374
story,3.4226744972919336
practice,3.4210878445391955
face,3.4179424112601966
testimony,3.3975164347259734
individuals,3.3758493385354558
risk,3.3679063166791896
known,3.357648612540922
criminal justice,3.3567607217501307
set,3.337922237285988
prisoner,3.335873612429581
campaign,3.327139310641754
got,3.324695104370775
example,3.3205619853650714
arrested,3.3138151099554083
news,3.306234651769966
history,3.2951169308271857
executioner,3.2942057025850784
majority,3.289040767848352
order,3.2833281037797466
lethal injection,3.280613337761099
following,3.279814522499081
wrote,3.2718477031000472
governor,3.2593823858115365
die,3.2591950215356404
prosecution,3.247167101343743
book,3.2400688585345847
review,3.2373514315566587
carried,3.224868396802914
past,3.21708875023646
statement,3.2150387764233845
woman,3.2114508373769226
media,3.205420215285985
medical,3.2004278248059586
money,3.198791900729193
father,3.189008027123769
war,3.18362463802002
constitution,3.1830572959330836
americans,3.1758737133205615
spent,3.1742737419230322
help,3.1736206706440586
despite,3.153343103339732
condemned,3.1532310673653723
lives,3.140886521492115
power,3.11823729345513
months,3.1166074963407593
alabama,3.109052394811859
taken,3.1086548723157796
young,3.103749711788194
violent,3.101572404701064
race,3.1005638124870445
reported,3.0968748915301956
release,3.093628380225957
march,3.0897981746260523
opinion,3.089560642338731
john,3.082656738999289
came,3.0780538937648467
prisons,3.075634945469404
special,3.0717243551603497
left,3.0654965631571516
means,3.0611148972424957
charges,3.028301659210425
military,3.018311748736177
trials,3.0118603583938857
received,3.0104174049338788
georgia,2.9982813432419473
brother,2.9962347370749285
change,2.988423736223819
week,2.9870299737501322
having,2.9867201946435387
better,2.9863638014828346
reason,2.9826720327820104
body,2.972924955549318
far,2.972748401130297
community,2.9646781690853152
april,2.95524728299319
possible,2.9538220419101267
point,2.9484017171434753
doesn,2.944691965234283
eye eye,2.934154654762195
poor,2.934079959624621
things,2.933630148338405
certain,2.9253063385080598
witness,2.9230539153568325
al,2.9212110181938544
education,2.9209388921669315
million,2.915289526522138
thompson,2.9088908799608855
groups,2.9082723901573004
actually,2.907503342949077
mother,2.887635850167209
let,2.8821365171863396
taking,2.870721823374419
program,2.86747612554597
virginia,2.8672713347591907
professor,2.865057738662333
pakistan,2.862490936495691
come,2.859971470791062
blood,2.853328699628137
offender,2.8501113940426652
section,2.845730950736139
execute,2.840733281036773
persons,2.8403149241523873
thought,2.8386020026363057
counsel,2.838332144149037
director,2.8372391792839817
policy,2.833666824430795
city,2.833617301744275
issues,2.831056066134049
experts,2.826800846558845
care,2.825670948426752
hours,2.8220808245248605
detention,2.8219142367117094
murders,2.7971770203986503
individual,2.7960967261697203
author,2.781885289055483
look,2.7814439722483573
cell,2.7748765244392244
son,2.77217037184194
result,2.763954244568732
decades,2.7599687698402406
hope,2.751352907462818
reasons,2.742278498997689
rates,2.707408997306861
punishments,2.6972747559816392
instead,2.6955576848544425
added,2.6931163000562504
jurors,2.6929517993162393
studies,2.6869831780110323
nearly,2.6862835344705247
pain,2.6785714745957367
attorneys,2.6767607468035712
film,2.675579602024234
head,2.6753627263290514
guilt,2.672275428552095
making,2.6710096455040553
doing,2.6707102887370753
matter,2.670031089822353
died,2.6635007946937086
june,2.6613541468155937
offences,2.661333665274311
little,2.6434063251276636
egypt,2.64167233780529
imposed,2.6268032029607604
went,2.624106150837126
tell,2.6216710923841435
official,2.6169112729007074
important,2.6166342095760546
oklahoma,2.615394431975633
saying,2.6100869171396894
different,2.5860235164611094
circumstances,2.5855790491413773
racial,2.5800939278480466
deluna,2.579939383168397
anti,2.5794061270922266
islamic,2.573447166950279
programs,2.5733727329876332
cost,2.569320127521492
smith,2.5679845566653676
indonesia,2.565457092792109
moratorium,2.561217575924524
effective,2.559955562066968
allowed,2.5569190434480076
charged,2.551004152908748
religious,2.5437319744930624
conditions,2.5436903273195024
half,2.541888781898659
provide,2.539026550572594
job,2.5342599946081363
life prison,2.531456158184898
press,2.5262631205018904
real,2.5217337912759925
murderer,2.5181842006135664
plea,2.5154211642821385
force,2.5126276945713535
lot,2.512038432822538
non,2.5084182715452648
wanted,2.5023329426149994
saudi arabia,2.496592043085489
october,2.494484715524403
investigation,2.490971322907044
live,2.4905988814302327
kind,2.4904249097951916
available,2.4898034011179453
thing,2.489383621755269
district attorney,2.4858851002765947
longer,2.485550897795244
sent,2.4790617711530523
involved,2.475752656885829
application,2.4685304562398045
especially,2.4650227877674116
washington,2.461903509775291
use death penalty,2.455883020586902
significant,2.451861209798
project,2.448376409833644
role,2.438410565625509
nation,2.43808129707597
published,2.4347086095957797
using,2.4339591591018532
working,2.431308117443644
subject,2.428786130498011
common,2.426546639991013
thursday,2.4229825099224396
tried,2.4183935067281452
freedom,2.414771483242538
view,2.4143954095393503
january,2.414360238418441
july,2.4137824266840853
feel,2.4062868509454343
witnesses,2.4054317601764423
hard,2.3990635835008276
life parole,2.399014249018107
month,2.3987208043974997
recently,2.3978084484240414
forensic,2.3951992997842013
homicide,2.3922848721393417
level,2.3888548449519833
japan,2.386961537924492
considered,2.385443366552654
light,2.385039422932976
final,2.378034162576051
best,2.376705388461052
false,2.376366888560834
rule,2.3714157304993755
evil,2.367435728885499
population,2.3630687167641127
south,2.36086172207522
jones,2.360175915462347
words,2.3577764103949415
denied,2.3550818918636582
argument,2.3534069791726395
early,2.3515505255281184
chance,2.3515079243966164
position,2.347535513390553
present,2.343617340363344
european,2.3418645524433184
moral,2.3380278098752503
bucklew,2.3371712119458943
clear,2.33485229467938
trying,2.3340621443079805
period,2.3329316243087406
commission,2.3323596452856328
seen,2.3313713078015517
constitutional,2.330428982949858
costs,2.3262864757059596
small,2.3260899914596846
jail,2.3233824753900154
continued,2.321098124434011
protocol,2.3134533870026197
member,2.3132776317292745
prevent,2.3114870548963005
opposition,2.3071610247285212
board,2.303639970736707
december,2.2951444861079024
led,2.2946747370973304
church,2.2936409968385223
life imprisonment,2.2922922960983354
confessions,2.2900920330958408
minister,2.2793956004683538
wife,2.275306431874528
bring,2.2740487818745776
began,2.2713732545166216
innocent people,2.2693145673460764
email,2.2656012927982183
able,2.2600276156730774
access,2.2511151820459423
night,2.248168233489859
james,2.247948249208356
support death penalty,2.246474513464155
respect,2.2454129042816295
suffering,2.2395072553561843
consider,2.2359723910940033
murdered,2.2306627834764217
killers,2.2269230330689425
earlier,2.2235262936412377
dr,2.2227412593960643
sex,2.2209454841738294
questions,2.2189316240276593
claim,2.2187776349576427
delay,2.217681938419474
ll,2.2173743347548855
form,2.2142125598355316
bad,2.2026374787366847
com,2.2023254258875813
similar,2.2020523468182063
reports,2.200411250809219
hearing,2.1998245615241605
iraq,2.199405921103729
chief,2.1976119686731335
finally,2.1972454644573864
opponents,2.195074832230003
shot,2.193721305398814
applied,2.1930243260944
list,2.192721557739896
offenses,2.183906233631589
seven,2.1822547726650563
outside,2.1732624789007673
verdict,2.172411283302641
standards,2.1705235591596077
factors,2.1688674806872044
brown,2.1684678377542324
abuse,2.166761541472514
current,2.1639182395907772
issued,2.162522855224745
law enforcement,2.1516318991051557
death row inmates,2.1472849609099067
currently,2.1440770357797
serving,2.143613235181391
corruption,2.1422555214720096
efforts,2.14176407244668
remains,2.1384624544225512
results,2.134004310740982
terrorism,2.1326611348814524
noted,2.1324977796876468
saw,2.131055723619149
osgood,2.130469551350938
confession,2.1256201632937857
science,2.124610498893771
violation,2.124455351574414
arrest,2.1200291031450167
allow,2.118165522938403
brain,2.115698243908311
abu jamal,2.115227035015387
murderers,2.1140798201862143
unfair,2.1121630261939566
makes,2.1104144783299374
activists,2.1097704362753738
room,2.107611325883974
won,2.106012659652451
required,2.105994992190407
receive,2.105925691045799
hand,2.105597493087141
continue,2.1052875688272374
large,2.1002426953974416
argued,2.0969510876149577
course,2.0937003462156705
february,2.0924236151752
irreversible,2.0896852418703227
exonerations,2.087914809254463
british,2.08746842079467
failed,2.0837983033918563
canada,2.0825368919466305
arbitrary,2.0793192618988914
clinton,2.0764245564802835
ask,2.0762267495126414
september,2.074698754695075
include,2.074529810871601
revenge,2.0699335706555564
decided,2.068446887743415
mass,2.064703037127738
resources,2.063270822870751
series,2.0623454797911447
car,2.0545857324667653
future,2.054351573808688
date,2.05424249710893
suspect,2.0534400538407342
great,2.0512890976164977
shawkan,2.046844614795555
action,2.045228196959109
ensure,2.041048717832653
stay,2.0409706047104343
attorney general,2.040286425200534
sexual,2.0371195150094263
local,2.031498562245923
open,2.0309305929379744
august,2.030023197281308
problem,2.029725681519131
happened,2.0287051421761553
happen,2.028418719213889
scheduled,2.0283029432646287
forced,2.0235478775666915
regarding,2.022768272182252
nature,2.0212761502482963
experience,2.0199901980116204
filed,2.0189958565684183
worked,2.0186994495448767
heard,2.01833110107138
ruling,2.0178449626504866
physical,2.0166394712993645
yes,2.0130029720760527
situation,2.0112646171901942
stop,2.010705524716547
mind,2.010322275271682
decisions,2.0089615928733893
cause,2.0087820460523456
forces,2.0055106195588097
living,2.004136664934832
pierrepoint,2.0037382547092397
misconduct,2.003378807157039
try,2.002290796559371
dead,1.9982563771801443
severe,1.99756512348299
lead,1.9969051519118026
services,1.9964317089551193
personal,1.9956889534232658
offense,1.9944696416187233
showed,1.9892031849480527
note,1.9870642894265271
passed,1.985367861122199
systems,1.984115372029764
ms,1.982671232259835
single,1.982173759318288
gross,1.9820854379404271
probably,1.9809781972231988
true,1.9756105320559179
november,1.975593381499042
concerns,1.9749640049946124
org,1.9745326752355465
letter,1.9738242143501974
protect,1.972287034874167
provided,1.972154037740233
term,1.9714016813850532
mercy,1.9702423416013541
reform,1.969389267353469
worst,1.9683584408994217
retribution,1.9658395226729013
convention,1.9614437120035184
particularly,1.9614252866088666
statistics,1.959045770387579
sense,1.9590403737483046
unconstitutional,1.9580182678691278
gas,1.950937782002268
debate,1.9497258728662459
terms,1.949643270653563
team,1.9478093856420682
particular,1.9474839604687515
record,1.9468341780572722
ones,1.9457526693334681
san,1.945325067379098
justices,1.9437781613674512
wasn,1.9424108067193435
heinous,1.9386979026754527
turned,1.9366360232847504
foreign,1.9358780187337699
thousands,1.9358575443173056
public prosecutor,1.9346742244810649
understand,1.9320777044346245
idea,1.9305782013995436
higher,1.9299975427850904
major,1.9265741426519438
problems,1.925927555894809
ali,1.9256831550528655
minutes,1.9250483416733248
written,1.9208548396446832
attack,1.9190610786260642
pennsylvania,1.9186168872810554
counties,1.9174485951502085
armed,1.9174043099702844
getting,1.9146626149025774
line,1.9140358083283235
served,1.9119862858920034
governments,1.9115020723835814
psychological,1.9103884780472502
executive,1.9088618039513425
compared,1.9061697507764368
ultimate,1.9059450750262819
clemency,1.9008977863721837
knew,1.9008011917095409
started,1.900440722188267
robert,1.8986572601915959
comes,1.8984516532109077
administration,1.8929752163314524
juveniles,1.892181754633972
simply,1.8918531508692533
johnson,1.890788579978857
admitted,1.8891086037054075
basis,1.8850443526603802
claims,1.8842687474438105
control,1.881051295941496
impose,1.8784694742984058
acts,1.8776909271291338
dominique,1.8762756421319744
rest,1.8756955033476617
madison,1.873657635134771
address,1.8687839535010182
citizens,1.8647670309567341
century,1.8633852821123418
strong,1.860958474551138
carry,1.8607259580388693
ray,1.8560219009890588
isn,1.8557884885095834
procedure,1.8544713080376192
testified,1.854094887726483
believed,1.8522855241645462
doubt,1.8450177086626551
convicts,1.8443822840022537
short,1.8436974272823812
lockett,1.8423886536868652
death penalty cases,1.841431711311112
sure,1.8398909498226153
stories,1.8395955491677651
husband,1.830359949593436
ban,1.8278534590222606
lack,1.8277293719254932
solitary confinement,1.8261034328769445
page,1.8259053550859248
juries,1.8257891425861177
soon,1.8246601578866937
hear,1.819665349717651
wrongful convictions,1.819076419830246
decide,1.8189338131295185
lost,1.817217557755633
oppose,1.8147250226591207
responsible,1.814411810345825
hakamada,1.8123941545662159
fight,1.810524154787112
reportedly,1.809629521286123
total,1.806793395777344
cooper,1.806004798781786
girl,1.8052874916936656
union,1.8047178533730444
rules,1.8037945881588064
conservative,1.8006778503294207
hanging,1.7974280537201337
heart,1.7961597190050897
supporters,1.7961183832662466
facing,1.796023434244254
arguments,1.7921184100260443
views,1.7897616385881825
uk,1.7890861694068174
talk,1.787578837129831
service,1.786658600468587
friend,1.7863293245274445
key,1.7861503154887794
carlos,1.783616238415434
caused,1.781945773893704
robbery,1.781046511837437
singapore,1.7791276070883124
expressed,1.7743615743216183
needs,1.7738311252266212
request,1.773249527862191
hands,1.772536206240138
imprisoned,1.7722086803047283
vengeance,1.7710860105281556
principle,1.768922245733753
purpose,1.768479145283651
pope,1.7681979199338596
deterrence,1.7681576645699386
closure,1.7671911733961294
suicide,1.7657637646426696
tooth,1.765417642795193
discretion,1.7630248451707562
chamber,1.7629236927196128
incarceration,1.7614584166341238
organization,1.7605954803942236
organizations,1.760321021956043
previous,1.7529768553525447
willingham,1.7516001546721325
ultimately,1.7511589597143846
attempt,1.7502507236027367
jesus,1.7499760329389575
interview,1.7491942472910944
independent,1.7487227737456346
value,1.7482439066064956
basic,1.7455775697518863
class,1.7449057900260145
charles,1.7429244269870616
website,1.7413463883127163
overturned,1.7403917355889431
necessary,1.740375337420416
international law,1.7399445453669646
ill,1.7364409443530882
dignity,1.7352333016626837
parliament,1.734735479860177
ministry,1.7341348809686945
changed,1.7330354695764882
brought,1.7315705875486715
raised,1.7310998277240102
offence,1.7287785876409072
legislation,1.72777952319672
staff,1.725987407081237
davis,1.725916154988239
error,1.7245843595829242
petition,1.724334942287646
start,1.7225386608509143
fundamental,1.7223543122582348
sister,1.7221379733924511
mean,1.7189559114477182
concerned,1.7169308791306968
association,1.7117847975229896
client,1.7114363172114675
iraqi,1.711033497184177
chinese,1.7106177752676075
india,1.7105535053267926
specific,1.7098371536364103
violations,1.708342205628626
near,1.7078682800019036
ordered,1.70694371483796
favor,1.706664928106237
calling,1.7033637360138933
commuted,1.7002958879328758
looked,1.6998312191539589
opposed,1.6992975575567904
alleged,1.698452527244342
save,1.6976426721538456
art,1.6970527438311334
late,1.6943563274793965
african,1.6938537130522422
responsibility,1.6937404255619073
malaysia,1.6924689008879985
state party,1.6923667388632644
remained,1.6905106506578624
daughter,1.689617791082237
shows,1.6877438173034423
big,1.6868506167017723
friends,1.6868161902565562
congress,1.685883672145447
behavior,1.6856642083016282
rehabilitation,1.6844993415496405
gave,1.6825188419063777
hundreds,1.6816414067851595
additional,1.6800271131944804
immediately,1.6799496529010387
follow,1.6794156784754857
monday,1.6787352304610672
difficult,1.6781368600775877
granted,1.6773192344019348
included,1.6764193155019975
reduce,1.6746508438813363
authority,1.6734871262479845
shooting,1.6732293450531017
cops,1.672097733565515
remain,1.671464829104698
compensation,1.668940014066035
analysis,1.6676171880038304
weeks,1.6643944275848401
united nations,1.6624251291523908
gary,1.6614648800312346
original,1.6598527122161966
contact,1.6595885857318926
egyptian,1.6566794801854563
close,1.6543663005087226
stated,1.654335838020434
williams,1.654249969889551
needed,1.6538336752351093
assistance,1.653374832308591
researchers,1.6531582042016189
deter,1.6519249801230214
safety,1.6510142097803726
moment,1.6506965405020708
maybe,1.6478824695905279
provisions,1.6436530484585399
takes,1.642224205725592
circuit,1.640157016008662
ohio,1.6389631337731272
moore,1.6381846732274117
life sentence,1.6369204456858861
modern,1.6366324919656898
requires,1.635414542592728
panahi,1.6335827532875358
movement,1.6313667077142924
pay,1.631279264070347
write,1.6309956757030306
provides,1.6299699342169527
entire,1.628052661558056
vote,1.6257684042015221
fear,1.6244637186249071
claimed,1.6237626690940714
response,1.6235325701945484
potential,1.6218692321945707
concern,1.6189565585917371
argue,1.618107893000154
faith,1.6174705270324325
facts,1.616866535423074
answer,1.6150523822325786
looking,1.6120381541546986
limited,1.6114732992079261
david,1.6110389400231806
hold,1.6098013491666152
inside,1.6047463550226593
plan,1.6032265706961013
suffer,1.603087359469719
attacks,1.6026003430235172
run,1.601658249744117
ways,1.6015928325960476
account,1.600325935908571
eventually,1.5981221699290986
carrying,1.5968767751916224
students,1.5967727727437218
prove,1.5963518055244017
appointed,1.5949547240366673
appropriate,1.5939867938174848
authors,1.5937314678999654
morning,1.5936935670786265
love,1.5913335516862077
felt,1.5910594546425818
judgment,1.5899430563487198
mccleskey,1.5881220697230611
meeting,1.5857780336239735
threat,1.5845073259862614
certainly,1.5827873912413295
generally,1.5824557809683102
parents,1.581777990553888
believes,1.5808629820572317
mandatory death penalty,1.5805682327037942
hair,1.5795172498279062
communities,1.5794007748144927
convict,1.5777668257253532
minority,1.577075250665415
proceedings,1.5738742341107177
mistakes,1.572955153426122
bodies,1.5728601303367455
agree,1.5699274729322823
visit,1.5697727289084102
reasonable,1.569661529085573
christian,1.5682652020482566
usually,1.567530748285977
punished,1.5668865565007752
people executed,1.5667472752356768
comment,1.5665067513670825
records,1.566223062889858
global,1.5655561400897124
methods,1.5645240230226443
mistake,1.5643029859691362
killings,1.5630818200625
prevention,1.5619615993461435
abortion,1.5607956916672399
revealed,1.5585523066905154
capital cases,1.5561912480446891
truth,1.5552823176608181
wrongfully,1.5550980905720182
word,1.555047016982477
learn,1.5546713297606876
charge,1.5520834817578613
parties,1.5519512825406556
impact,1.5495644839001828
illinois,1.5482883483406837
central,1.5478911536606723
murdering,1.5478077921307993
michael,1.547457358599144
met,1.545624811234336
committing,1.5453017889683605
serve,1.5448979794702056
incarcerated,1.5426871432448908
presented,1.542306032082659
jurisdiction,1.541538219033087
reforms,1.540992394540139
belief,1.5406096840188133
average,1.540588896578263
hare,1.5402276523441378
seeking,1.5381986483427506
protection,1.5351908484402321
wednesday,1.5342556135804288
named,1.5342555566921383
years ago,1.533196182371995
leading,1.5303306228990368
missouri,1.5283554175103866
return,1.5270686373582323
illegal,1.5257398955237194
agency,1.5245754562975176
aclu,1.5217455221743132
faces,1.521195207169608
self,1.5203461219503116
muslim,1.5193365680971445
test,1.5178420706395106
writing,1.517108817643396
loved,1.5156699286303552
friday,1.5155040917985887
event,1.5150344074259057
duterte,1.5148896448989906
politicians,1.5139974408153853
perry,1.5124609910827211
company,1.51038553095554
spend,1.5098242759718825
adopted,1.508657412418241
main,1.508609500321648
east,1.50838458327727
flawed,1.5028625639176671
penal code,1.5019413616807489
faced,1.5004137118056842
fair trial,1.4997741222741818
area,1.496211391135901
moved,1.4962021208148346
refused,1.4950500317704387
gov,1.4949790455014924
established,1.49459973688683
kondek,1.4945950361947733
followed,1.4944511816710135
described,1.492986850349646
boy,1.491805171226924
mentally,1.4898870777866928
assembly,1.489041393579539
innocent person,1.4887385797856176
stand,1.4875763535604307
upheld,1.4855867426085616
leaders,1.4855726258846482
coalition,1.4855659786928224
deaths,1.48530043437156
exoneration,1.4847689730262636
economic,1.484611698448461
brady,1.4841163767755605
ended,1.4836015844839305
various,1.4807341775947873
king,1.4782100727080123
focus,1.477691527932597
buck,1.4754677722241236
universal,1.4733427276302629
signed,1.4724148971886704
resolution,1.4723324684255548
catholic,1.471968585799796
http www,1.4700121527089367
harris,1.4695081066822313
dna evidence,1.4693798735268155
eu,1.4688533296244024
drug trafficking,1.4677370051454217
attention,1.4665594720121014
panel,1.4660149694938198
psychopathy,1.46415574250265
workers,1.4632673259836801
handed,1.4632284455550628
shown,1.4615472023522609
separate,1.4605969603313795
death row inmate,1.4605547783248343
wouldn,1.4598830171165258
helped,1.4565665985479619
rare,1.4552731590914652
failure,1.4550296421754767
multiple,1.4545941031963996
source,1.4535330527071089
eighth amendment,1.4531100623575226
lee,1.4526326864799282
confessed,1.4524667764858195
announced,1.4512742550073174
reality,1.449349787978019
agreed,1.4484340934574278
family members,1.447676648219862
works,1.4438686547971737
soldiers,1.4437739300607126
agreement,1.443304557008225
abolished death penalty,1.442974231780669
minorities,1.4422400387869645
eyes,1.442128916804682
george,1.4419582663630337
human rights watch,1.441078915050974
actions,1.4403887239716873
discrimination,1.4397708748830575
mental health,1.439655362777007
domestic,1.4378906594287195
establish,1.4360025884340948
measures,1.4352979784701083
scott,1.4342778910421887
forms,1.4332286523418025
couple,1.4329660140292315
paul,1.430289203164507
thomas,1.4284910530644397
highest,1.4233904049355905
step,1.422917752178708
concluded,1.4224953942133836
deeply,1.4215544843345265
possibility parole,1.421392661681555
statements,1.4207118743581755
tuesday,1.4184160371609895
police officer,1.4162229228957355
right life,1.4161192873835902
sessions,1.4108821331591332
doom,1.410868487043144
leader,1.4095646897141447
lower,1.4090838704555622
detained,1.4058583452541744
harm,1.4036820971883708
violates,1.4035874715344563
kept,1.4024819263808006
message,1.4024295975868504
natural,1.402084013851524
apply,1.4015044734784143
equal,1.401085683354635
regardless,1.4009491065340933
couldn,1.3997060565119264
red,1.3996451399388994
peace,1.3996243662731416
retrial,1.397740027874464
turn,1.3956251000687003
abolish death penalty,1.3944340772055757
procedures,1.3933447496976987
increase,1.3932549984998648
comments,1.3931163005691871
republican,1.3909811974524446
convicted murder,1.3890065390960407
st,1.3873411305781262
west,1.3872417587766879
discussion,1.3868742169401345
clearly,1.3861798849404126
green,1.3861751032965315
philippines,1.3856647626690501
alternative,1.38553159646439
status,1.3845312501529206
sentence life,1.383902613583474
bias,1.3834021926584648
supported,1.3830402675963858
activities,1.3803916103212945
television,1.3798122630695824
expert,1.378234623311613
rejected,1.3753486763033123
reviewed,1.3749842650615731
approach,1.3746179318960157
happens,1.3734927486137558
figure,1.3726375680009066
paper,1.3710723219262766
business,1.3684019019560818
graham,1.3682365141949402
blasphemy,1.3673117755276374
fewer,1.3663904741895627
speak,1.3662595826342376
hour,1.3651810792131251
proven,1.3646676294740911
punish,1.363690486432649
dollars,1.3615512685420683
previously,1.3614120776164815
colorado,1.3567584026341954
representation,1.3565670365446136
behalf,1.3547314255504976
street,1.3526795336062827
botched,1.3525660708583085
kingdom,1.3520898827448993
defend,1.3514364651436597
new york times,1.3505360450430923
years prison,1.3491389107110185
determined,1.3482036031214157
sign,1.3473132422924758
video,1.3468085289868545
opportunity,1.345443293010537
meant,1.3452270140061229
scalia,1.3446169187328232
philadelphia,1.344349468677273
cruel unusual punishment,1.343408006524551
decade,1.3429860494202994
sentence death,1.3423819066040557
maximum,1.3415492314283521
abolition death penalty,1.339399333195751
deal,1.3380097514276543
hanged,1.3376281474841287
associated,1.3372267819511945
avoid,1.336790191172804
causes,1.3336675847904524
leave,1.3332099067788497
fall,1.3331398299398105
raped,1.3328887823375635
tough,1.3328688917899816
manson,1.3322062247336373
years old,1.3317693009680838
reading,1.330666238580594
completely,1.3298202018633
suggested,1.3285813417370522
cut,1.327988693115913
figures,1.3273317633897865
represented,1.3272165799524216
minimum,1.3271031099685098
deputy,1.325644485822484
adults,1.3252614380734282
pressure,1.3239087122914825
yuan,1.3230864146675434
changes,1.3227708416505524
middle,1.3222892370324832
whitaker,1.3212684665173726
low,1.3211396031825764
details,1.32093937121175
speaking,1.3205230075782552
peter,1.3202653268045514
apparently,1.3182065846839488
lived,1.3178363994758064
imposition,1.3174845767634085
popular,1.316354417916762
remember,1.3111268203145117
australia,1.3110789674344887
actual,1.3108353929409156
coming,1.3084351378905095
new trial,1.3081523108552637
institute,1.3073266471417977
points,1.3064732321329646
grounds,1.306180790297415
kasab,1.3038249745782609
exactly,1.3032668592158843
repression,1.3031904710144258
sudan,1.3029198957090364
district court,1.3018775525226376
gets,1.2998177512450277
prior,1.2983116378937987
development,1.29803244076014
corrupt,1.2976765814594609
caught,1.2951874884774857
consequences,1.2946734476113206
occurred,1.2937891068860605
continues,1.2929959287921997
doctors,1.290288237234596
north carolina,1.288226105008973
sought,1.2870931294665857
matters,1.2862469270800458
conducted,1.286124031309553
correctional,1.2859397380867115
photos,1.28593646771359
prohibition,1.285289345086594
growing,1.2844816367425018
bishop,1.2843741414418308
court appeal,1.282551389170652
hernandez,1.2805646130958082
courtroom,1.2804658737886736
documentary,1.279776884711542
warden,1.2764170085850504
hospital,1.276375566438458
pm,1.2761668096687993
expensive,1.2745843422781877
islam,1.2735080300143644
college,1.2706115677528367
linda,1.2683207173419448
investigators,1.2666750052888593
critical,1.2657844113802956
pro,1.2653747549858287
commissioner,1.2649478185652867
companies,1.2647937497564787
repeatedly,1.2630345519356894
articles,1.2627232718220223
principles,1.26171117964604
movie,1.2615008918510668
usa,1.2601795745805144
file,1.2591923425197804
secret,1.2570863887550656
zeid,1.253990413950153
determine,1.253617388463156
injustice,1.2529515852389856
leaving,1.2526302179490536
obama,1.2520669682578027
girls,1.2520139183809211
accept,1.2507682455332434
sentenced life,1.2504690828544145
election,1.2498939712240187
suggests,1.248843398173083
conduct,1.2474524388622807
english,1.2474306673798097
hill,1.247153715236711
cross,1.2469527780612464
juvenile offenders,1.245591985467222
pending,1.2453449506544891
talking,1.2443814216672122
recidivism,1.2443009670322092
join,1.2435410019946989
range,1.2434631644184375
phone,1.2434118679231028
influence,1.2429106346617012
private,1.239633485840556
online,1.23918007711411
explained,1.2381695784622626
sort,1.238023064182884
lesser,1.2375830292287204
exercise,1.2372430110854025
escape,1.2356997097888633
spoke,1.2356217672306598
thibodeaux,1.235468227563897
mark,1.2353076923022734
tv,1.235265156801794
placed,1.2346936781080695
acquitted,1.2342535286532554
emotional,1.2340796220157675
sufficient,1.2335541306161129
freed,1.2330961496684572
framed,1.2319051826255054
bar,1.230671989594347
shore,1.2302399988390587
adult,1.2298237616932832
defence,1.2295487716864713
worse,1.229470909103937
urged,1.2289210383433389
involving,1.2286387222237698
turkish,1.2283814666750703
condition,1.2273933179486816
bush,1.2272852463231763
criticism,1.2270910137313669
bangladesh,1.2268385751534907
korea,1.2255712476558882
considering,1.2254276684318588
conclusion,1.2249157585523076
meet,1.224915707618372
kids,1.2245036972575878
treason,1.2231607100992605
morgan,1.2227469363692594
survey,1.2218613309079782
africa,1.2211396189435506
dealers,1.2203841031511378
firing,1.2201929887160596
abbott,1.2199689277828325
high court,1.2194313800227965
specifically,1.2184875100941552
trustworthy,1.2181865827269294
attempted,1.217960588979399
books,1.2171070492740632
factor,1.215484803400003
food,1.2137553040189384
knowing,1.212974655764902
wrongly,1.2129644863684086
reduced,1.212852884249584
thinking,1.2127224168463542
psychiatric,1.2122559469582714
iccpr,1.212222820084603
learned,1.2118916606024523
van,1.2104821503279903
dna testing,1.2104398696470493
life death,1.210239550800459
imposing,1.210016219678916
province,1.2095790985656074
western,1.2089992710019986
assault,1.208591044871917
paid,1.2079138861470327
parilla,1.2077143708438118
dangerous drugs,1.206976556203794
louisiana,1.2065480288506598
penalties,1.2047045055185654
promote,1.2018600306408291
expression,1.201212989435808
injections,1.201052943934033
intellectual,1.199745041430876
conference,1.1994532136723062
rapporteur,1.1989878200370598
cleared,1.1988631260643445
asking,1.1985116878121598
journalists,1.1982820558769611
terror,1.1982144509309576
reed,1.1979637694432292
easy,1.1979287687139677
relationship,1.1978195731558372
nimr,1.1976460839750378
legislature,1.1974105011061906
addition,1.1973182074584605
suffered,1.1963919253157336
guy,1.1960411811980118
awaiting,1.195811547653235
create,1.1952914333980802
years later,1.1950531230021606
effectively,1.1948876568641553
death row phenomenon,1.1934107064303814
rape murder,1.1931655350677057
capital murder,1.1926449607958736
daily,1.1917385865411234
discovered,1.1915137827691935
powerful,1.1909441589343384
bars,1.1904260616306572
appeared,1.190136532635289
extremely,1.190034821999441
fighting,1.1886274104465324
measure,1.1878414845296943
calls,1.1870382143873657
begin,1.186940947454
judiciary,1.1855822553554016
william,1.1848702226301626
arizona,1.1843970807169597
reached,1.1840780477695767
twice,1.1827185558159627
humane,1.1826614361432617
document,1.1797830999934469
army,1.179748878915912
obtained,1.1795129018583268
sheriff,1.1785538401667914
student,1.1784747370362494
policies,1.17760159791334
suspected,1.1763370040870778
testament,1.176336837948035
suspects,1.1758220335240535
europe,1.1753957809924964
finding,1.1748561299371718
goes,1.1744407964129466
born,1.1742051160911766
patients,1.1739138872518027
newspaper,1.1729958498443063
london,1.1723564584963302
solution,1.1721315945383777
foster,1.172007316794334
crisis,1.1719882044059213
vietnam,1.1719812316010725
percentage,1.1713855161831586
supposed,1.1713384848483333
fbi,1.1713088806479806
absolutely,1.1701015575254796
foundation,1.1679270941913196
cruel inhuman degrading,1.166060622200962
quite,1.1657952749462888
drug related,1.165679369724809
giving,1.165593700611294
cahill,1.1654097376147288
democratic,1.1650178559295485
standard,1.1644138722287956
french,1.163851698072021
loss,1.163663484693339
thank,1.1629528744778492
numbers,1.1615536900308363
kidnapping,1.160894116916827
inhuman degrading treatment,1.1608494504996343
choice,1.160488663138541
provision,1.1603037817685833
effort,1.1592670861229442
complete,1.1583075393517097
liberty,1.1574861073147402
appear,1.1574082702826436
mexico,1.1566508855944488
don know,1.1565938315731055
ineffective,1.1562780181274797
raise,1.155731547838586
healing,1.1551550985385108
punishable,1.1548810659298239
possession,1.1519159190458033
content,1.151777538790947
consideration,1.1515576429299443
deserve,1.1511543316901676
campbell,1.1511229587729748
proposed,1.1509076692725038
declined,1.1498935933888415
oregon,1.1497278133022208
life sentences,1.1491787934435185
safe,1.1480766671164606
offered,1.14790346362888
justified,1.147148512405526
trust,1.1470362610149696
absolute,1.1460402132340257
plummer,1.1454811822443245
worldwide,1.143989817497872
referred,1.1430999328108282
internet,1.1429870222461083
tool,1.142904914846077
alive,1.142263577135406
law school,1.141934643699843
compelling,1.1409230351635684
adding,1.140797468653212
senate,1.1402132225948143
gives,1.1401226862507636
door,1.1399649664118787
increasingly,1.1387814381344263
seek death penalty,1.1378301368067474
assistant,1.1376545935023492
journal,1.137292874907037
trial court,1.1363391759658492
twitter,1.1351448502550179
japanese,1.1349715000869258
culture,1.1343214338422165
appears,1.1340051542702454
euthanasia,1.133007311005128
took place,1.1328329270057385
struck,1.13209176158957
feb,1.1312756698447501
marriage,1.1311392232771238
publicly,1.130846536589807
anderson,1.1300220882198506
defender,1.129991003497833
voice,1.129256863648287
increasing,1.1288338553495463
station,1.1283600062812669
jersey,1.12803188045519
declared,1.1261986260149126
cells,1.1261517813189905
tortured,1.1255832240247796
elected,1.1250242411695508
difference,1.1246999015717312
behaviour,1.1216330861060508
financial,1.1210835666286005
unit,1.1209708399201699
advocates,1.1208645158646116
facility,1.1206141220270247
youth,1.120212234018291
taylor,1.1200549241791893
allowing,1.1198529323227437
arab,1.1191661661814511
dropped,1.1177402745976985
intelligence,1.1177385380953992
prime,1.1172608345397255
anthony,1.116669468040151
expected,1.1164785360795582
cameroon,1.1161429164746965
degree murder,1.1158264934364102
unless,1.115362784157822
subsequently,1.1142251311037001
identified,1.1142090009923902
instance,1.1139481187652585
park,1.1136985905741872
francis,1.1131865993112533
appellate,1.112312226953817
duty,1.1117638651988955
treated,1.1112654837258258
extreme,1.1108745182381827
proof,1.1096198600234382
victims families,1.1095614186322271
todd,1.108721654889825
electrocution,1.107561775154649
override,1.1065895735880198
participants,1.1057141346556283
summary,1.1046614895068412
struggle,1.103942196928154
numerous,1.10234467930352
did commit,1.102302729166688
disorder,1.102288622752841
martin,1.101479876122282
require,1.1014181526500137
electric chair,1.0986908686384542
stopped,1.0984603889476379
locked,1.098159669501871
joined,1.0981175630432485
pointed,1.0972679407949473
psychopaths,1.0971311514075888
editor,1.0966995204142354
recorded,1.0963678005120017
thanks,1.0958377965603736
paragraph,1.0942395901028295
banned,1.0938264174299412
willing,1.092883153549613
terrorists,1.0927960588533892
greater,1.090933452221729
relief,1.089829863038885
brutal,1.0898032678181102
worth,1.0897835339317743
griffin,1.0896999576218354
ohchr,1.0879150120560288
fully,1.0863524797702633
britain,1.086243464460375
informed,1.086235237647608
tax,1.0861424594160833
profile,1.0860918493707177
suggest,1.0856081010345016
gallup,1.0847803727973253
liberties,1.0847521927511983
secretary general,1.0839865129835031
events,1.0830926867547581
documents,1.0827324070608644
female,1.0825092181725162
supra,1.0822883384075768
truly,1.0821434341996172
effects,1.0819564704422322
ability,1.0819070730901965
jr,1.0802144685913537
created,1.0796114220254462
bahrami,1.0772014965225527
places,1.0766260715903941
violated,1.0763472704195194
wish,1.0759964746572928
crime scene,1.0758539490204435
hearings,1.0753147311086875
intended,1.0748276083372756
damage,1.0741910233136536
donald,1.0738993684799703
senator,1.0738536415555995
clients,1.0737047261788204
religion,1.0727575685025275
showing,1.0725104772500993
trend,1.0718746501854934
sponsored,1.0718134385882638
material,1.07171947933736
includes,1.070847284668073
complex,1.0703650407675047
facilities,1.069260780712506
immediate,1.0690625521731
resulting,1.0686238838455695
deep,1.0683120661545076
fate,1.068171578014233
cited,1.0673973064264644
send,1.0663597205949524
errors,1.0661237843587514
doctor,1.0658841488274797
inhumane,1.0654967894114218
lie,1.0648334111639528
taxpayers,1.06442434452514
practices,1.0638949908391238
gone,1.0630228931158219
wide,1.0626250180596168
chapter,1.0615332301053526
painful,1.0615024922346432
type,1.061141932601541
site,1.0609776174746053
nigeria,1.05991955844446
miscarriage,1.0599027988428262
voted,1.059673817275855
cent,1.0592538370110944
aggravated,1.0587139265588674
years death row,1.058377753698031
girlfriend,1.0581256131805292
region,1.0578709038633725
applicant,1.0577639861985746
police officers,1.0574702610286968
speech,1.0574221282834326
tsarnaev,1.057174474059779
christians,1.0570410611917473
manner,1.05695571826281
relatives,1.0569032202404782
version,1.056790745618152
orange,1.0567658874730446
largely,1.0561755389001741
crimes committed,1.055015912830939
administered,1.054350242101503
republic,1.0537935897877457
regard,1.0535127603218637
ends,1.0531918740466553
proper,1.0527907918930146
denial,1.0526376242640063
challenge,1.0524689706964572
memory,1.0520126441457567
new evidence,1.0519062217564001
recent years,1.0516699932966145
post conviction,1.0513912244162065
piece,1.0507977104389312
protests,1.0493023505683872
desire,1.0483280551065586
terrorist,1.0483277873073522
kazemi,1.0481857746902434
grave,1.0481746545434247
wilson,1.046936607979158
magazine,1.0451184404200986
commitment,1.044516442606944
broken,1.0442708913824865
initiative,1.0441928849955047
politics,1.0435531569583547
perpetrator,1.042706309602782
price,1.0420417179245982
arkansas,1.04167139633754
death penalty information center,1.0416691278266346
moriarty asked,1.0414311519379014
department corrections,1.041206684918553
play,1.040949594246991
schools,1.0409302433989132
originally,1.040587358770806
reporting,1.0399499357751412
professional,1.0393922017596715
merely,1.0393146170878536
fellow,1.0385091300129619
purposes,1.0382235491407503
aguirre,1.0377082270167983
allegedly,1.0374237086776288
id,1.0353306875202628
gun,1.0347073562866924
dozens,1.0343909017597388
firm,1.033412195118381
removed,1.0329012909408326
trade,1.0327713460347574
advocacy,1.0321823036009032
exist,1.0318806126023294
poll,1.0312794665673148
concept,1.0304163261455388
areas,1.02993438945661
method execution,1.0295786263875435
latest,1.0292260299504936
understood,1.0291832690137384
tests,1.0289486517423752
offer,1.0286778253783002
drugs act,1.0280589641004927
voters,1.0270528810107478
custody,1.0252689300108742
knowledge,1.0248048897615893
minute,1.0239346290778308
moving,1.023184126596043
linked,1.02260094157696
prosecutorial,1.021984538758447
controversial,1.0209981484107247
meaning,1.0207752931022642
resulted,1.0207695203802867
option,1.0206855793957499
hamm,1.0201980257764935
language,1.0200930626136835
bundy,1.020059184374504
title,1.0196461733060647
deserves,1.0193750028336204
cameron,1.019205414969276
context,1.0191452497893803
hall,1.018591342106112
ivan,1.0184077756522918
quickly,1.017397500660268
biggest,1.017034768005046
reuters,1.0167086228868467
successful,1.016144778061682
aged,1.0160468766113797
notice,1.0149703635812513
visits,1.0143288694664152
funding,1.0141515648915904
typically,1.013802104878093
relevant,1.0135326109853036
subjected,1.0126907888872736
obligations,1.011776812915079
columbia,1.0114021969868165
interpretation,1.0106861068812574
disability,1.0101809267173234
consistent,1.00891191655031
definition,1.0088643581740344
investigate,1.0082250736229474
abolishing,1.0078462774335986
developed,1.0055947357288508
gender,1.003435047560123
beliefs,1.0033429691655351
deterrent effect,1.0031173689833146
repeal,1.0030052032019314
similarly,1.0027169705213776
death row prisoners,1.001997888156335
proposition,1.0014580538250781
allows,1.0011157444393441
examination,1.0010945148669947
dismissed,1.0009391821336544
acid,0.9999441931527216
institution,0.9998871979854052
cdata cdata cdata cdata,0.9997500205914415
attend,0.9995278782036362
serial killer,0.9994045100100095
hossein,0.9982775456761751
possibly,0.9979072378614599
executioners,0.997266368693905
habeas,0.9963628637947207
squad,0.996200019819919
probation,0.9958059960983472
accepted,0.99488231247905
michigan,0.9940832855277175
seeing,0.9934383818904696
drop,0.9931715493486668
people death row,0.9926108418447016
blind,0.9923192396350957
seriously,0.9922555922993515
photo,0.9918137911787223
tehran,0.9915970652142536
waiting,0.9914396141997929
angola,0.9910285744932154
enter,0.9908902712779099
imagine,0.9900587839493739
democrats,0.9898022059127762
returned,0.9888120497687839
terrible,0.9886347883037053
training,0.988627010769531
senior,0.9882680738557866
directly,0.9880816085911285
ratified,0.9876699173205379
posted,0.9857316969309621
affected,0.9854874683238648
ryan,0.9848813596121211
privy council,0.9847325750997664
stephen,0.9840217655610348
injury,0.983239724915549
challenges,0.9829449823152032
executing innocent,0.981927134695063
mom,0.9817697865617514
flaws,0.9812219925579455
male,0.9812105449046986
justification,0.9806588798698721
court ruled,0.9806121667078987
human rights defenders,0.9790508430136686
assisted,0.9778733560018544
choose,0.9776122732329138
rachel,0.977464648463205
poverty,0.9762089611008785
criminal law,0.9751950135707768
nebraska,0.9749662329064626
wants,0.9741677878872228
award,0.9740027002712593
illness,0.9739791650466555
hussein,0.9736478538277656
degrading treatment punishment,0.9735336579170755
isolation,0.9735081145350502
approved,0.9731367939459789
reprieve,0.9730628126575128
maintained,0.9725842538846038
suspended,0.9724954649756271
turkey,0.9715289071325799
jewish,0.9715085350991937
international covenant civil political,0.97088836028874
alternatives,0.9703995147343112
store,0.9701059663584838
sexually,0.9699071787525168
forward,0.9698686717602635
fails,0.9698281875001806
ethnic,0.9697609259803973
tells,0.9694011640568548
houston,0.9691970444437644
richard,0.9691298859139601
hit,0.9671895710358162
da,0.9671281738674071
innocent man,0.9670149622406163
iranian authorities,0.9667975473897042
argues,0.9664267872625235
understanding,0.9662602523290922
lopez,0.9661557434700245
listed,0.9660977767640092
court appeals,0.9657081941511197
international human rights,0.9654813182582362
grand,0.9654240464334027
conservatives,0.9653011631752503
joseph,0.9644741162580063
shortly,0.9634174498216501
exists,0.9632756874592318
pass,0.963221025011193
sorry,0.9629398590604165
optional,0.9621512068132956
covenant civil political rights,0.9617425578637402
annual,0.9613387489613864
unjust,0.9613184877504092
los angeles,0.9608354652432587
helps,0.9607528390809111
lies,0.9602581691795642
streets,0.9597938141148242
millions,0.9595399311254466
conflict,0.9594920205109403
20 years,0.9591506893580755
putting,0.9579601563363667
dec,0.9577845257656329
replied,0.9568577911313698
hate,0.956258530872908
horrible,0.9554446496332399
ex,0.9547975918214346
network,0.9543511552623781
israel,0.9542946825024408
catechism,0.9536825558016276
southern,0.9534825251185717
county district,0.9526419572570377
deemed,0.952507341974615
furman,0.9518700549077891
brief,0.951578567560825
anger,0.9513322255330157
recommendations,0.9500005429377766
